stage,mask,seq,batch,impl,compile,ms_fp,ms_step,ms_step_mean,ms_step_std,ktok_s,step_dev_mib,step_peak_mib,step_reserved_mib,fp_dev_mib,fp_peak_mib,wall_s,tflops_full
core,none,256,32,std,False,1.378,4.254,4.375,0.2402,1872,542,320.1,390,542,248.1,0.5,3.029
core,none,256,32,sdpa,False,0.47,2.02,2.082,0.1556,3934,244,272.1,308,244,192,0.1,6.378
core,none,256,32,sdpa-cudnn,False,0.3399,1.759,1.83,0.1629,4477,254,272.1,316,254,192,0.2,7.325
core,none,256,32,sdpa-memeff,False,0.4813,2.035,2.121,0.1987,3863,244,272.1,308,244,192,0.1,6.332
core,none,256,32,sdpa-math,False,1.725,4.297,4.472,0.2815,1832,346,344,410,346,320.3,0.2,2.999
core,none,256,32,std,True,0.8623,2.703,2.797,0.2288,2929,276,176,328,276,96,2.4,4.767
core,none,256,32,sdpa,True,0.7734,2.433,2.475,0.132,3310,282,176,282,282,96,0.2,5.295
core,none,512,16,std,False,3.015,8.302,8.31,0.2418,985.8,516,440.3,514,536,328.2,0.3,3.104
core,none,512,16,sdpa,False,0.6028,2.677,2.749,0.2089,2980,216,272.1,312,216,192,0.1,9.625
core,none,512,16,sdpa-cudnn,False,0.3968,2.147,2.175,0.1864,3767,220,272.1,316,220,192,0.2,12
core,none,512,16,sdpa-memeff,False,0.6358,2.698,2.782,0.1998,2944,216,272.1,312,216,192,0.1,9.553
core,none,512,16,sdpa-math,False,2.733,6.2,6.316,0.2461,1297,458,472,554,458,393,0.3,4.156
core,none,512,16,std,True,1.253,3.788,3.911,0.2496,2094,264,176,360,264,96,0.8,6.802
core,none,512,16,sdpa,True,0.9257,3.117,3.185,0.191,2572,286,176,286,286,96,0.2,8.267
core,none,1024,8,std,False,5.305,13.7,13.65,0.2199,600,836,697,836,792,489,0.5,3.763
core,none,1024,8,sdpa,False,0.8812,3.719,3.822,0.2443,2144,212,272.1,308,212,192,0.1,13.86
core,none,1024,8,sdpa-cudnn,False,0.5357,2.43,2.463,0.1664,3327,216,272.1,312,216,192,0.2,21.21
core,none,1024,8,sdpa-memeff,False,0.8902,3.741,3.822,0.2072,2143,212,272.1,308,212,192,0.1,13.78
core,none,1024,8,sdpa-math,False,4.739,10.46,10.31,0.2771,794.7,726,728,822,726,540,0.4,4.927
core,none,1024,8,std,True,1.7,4.495,4.634,0.2544,1768,344,176,440,344,96,0.9,11.47
core,none,1024,8,sdpa,True,1.198,4.116,4.221,0.2237,1941,286,176,286,286,96,0.3,12.52
core,none,2048,4,std,False,10.74,25.72,25.55,0.287,320.7,1538,1212,1538,1430,812,1,4.008
core,none,2048,4,sdpa,False,1.406,5.838,5.989,0.2631,1368,148,272.1,308,148,192,0.2,17.66
core,none,2048,4,sdpa-cudnn,False,0.7422,3.187,3.262,0.2142,2511,152,272.1,312,152,192,0.2,32.34
core,none,2048,4,sdpa-memeff,False,1.421,5.86,6.023,0.2619,1360,148,272.1,308,148,192,0.2,17.59
core,none,2048,4,sdpa-math,False,9.746,18.67,18.69,0.1567,438.2,1222,1240,1382,1222,840,0.8,5.522
core,none,2048,4,std,True,2.814,8.385,8.402,0.2412,975,680,176,840,680,96,1.1,12.29
core,none,2048,4,sdpa,True,1.738,6.191,6.331,0.254,1294,286,176,286,286,96,0.3,16.65
core,pad,256,32,std,False,1.513,4.421,4.542,0.2338,1803,394,326,394,394,252,0.2,2.914
core,pad,256,32,sdpa,False,0.7776,2.661,2.741,0.2042,2989,268,286.1,332,268,212,0.1,4.842
core,pad,256,32,sdpa-cudnn,False,0.5965,2.21,2.273,0.1875,3605,278,286.1,340,278,212,0.2,5.829
core,pad,256,32,sdpa-memeff,False,0.787,2.732,2.788,0.2129,2938,268,286.1,332,268,212,0.1,4.716
core,pad,256,32,sdpa-math,False,1.936,4.487,4.617,0.2461,1774,350,346,414,402,328,0.2,2.872
core,pad,256,32,std,True,1.315,3.178,3.101,0.2675,2642,300,178,364,300,98,5.7,4.054
core,pad,256,32,sdpa,True,0.9611,3.187,3.164,0.2373,2589,310,178,310,310,98,0.5,4.043
core,pad,512,16,std,False,3.345,8.915,8.953,0.4171,915,518,448,518,538,336,0.3,2.891
core,pad,512,16,sdpa,False,1.179,4.353,4.374,0.4603,1873,252,292.1,348,252,216,0.2,5.921
core,pad,512,16,sdpa-cudnn,False,0.6974,3.03,3.007,0.2527,2724,256,292.1,352,256,216,0.2,8.505
core,pad,512,16,sdpa-memeff,False,1.126,4.255,4.331,0.3526,1892,252,292.1,348,252,216,0.2,6.056
core,pad,512,16,sdpa-math,False,3.372,6.364,6.531,0.2683,1254,474,476,570,474,408,0.3,4.049
core,pad,512,16,std,True,1.277,4.085,4.311,0.4741,1900,400,180,496,400,100,21.2,6.308
core,pad,512,16,sdpa,True,1.906,4.269,4.417,0.3291,1855,318,180,318,318,100,3.9,6.036
core,pad,1024,8,std,False,6.48,15.62,15.59,0.3738,525.6,854,712,854,938,504,0.6,3.299
core,pad,1024,8,sdpa,False,1.906,7.184,7.086,0.3382,1156,204,304.1,364,204,224,0.3,7.174
core,pad,1024,8,sdpa-cudnn,False,1.048,4.221,4.222,0.3627,1940,208,304.1,368,208,224,0.3,12.21
core,pad,1024,8,sdpa-memeff,False,1.886,7.268,7.126,0.4272,1150,204,304.1,364,204,224,0.3,7.091
core,pad,1024,8,sdpa-math,False,5.972,12.78,12.69,0.3721,645.6,698,736,858,698,568,0.5,4.033
core,pad,1024,8,std,True,1.763,5.243,5.343,0.4295,1533,432,184,592,432,104,6.7,9.829
core,pad,1024,8,sdpa,True,2.032,6.979,7.044,0.3967,1163,330,184,330,330,104,1.2,7.385
core,pad,2048,4,std,False,11.21,26.85,26.69,0.4018,307,1554,1240,1554,1574,840,1,3.839
core,pad,2048,4,sdpa,False,3.538,11.47,11.55,0.3635,709.1,236,328.1,396,236,256,0.4,8.983
core,pad,2048,4,sdpa-cudnn,False,2.123,7.292,7.24,0.4725,1131,240,328.1,400,240,256,0.4,14.14
core,pad,2048,4,sdpa-memeff,False,3.629,12.62,12.29,0.762,666.3,236,328.1,396,236,256,0.4,8.168
core,pad,2048,4,sdpa-math,False,10.96,20.75,20.46,1.157,400.3,1270,1256,1430,1270,888,0.8,4.967
core,pad,2048,4,std,True,2.972,10.06,10.06,0.4825,814.5,874,192,1032,874,112,30.2,10.25
core,pad,2048,4,sdpa,True,3.876,12.91,12.95,0.4143,632.8,354,192,354,354,112,5.3,7.984
