stage,mask,branch,seq,batch,impl,compile,ms_fp,ms_step,ms_step_mean,ms_step_std,ktok_s,step_dev_mib,step_peak_mib,step_reserved_mib,fp_dev_mib,fp_peak_mib,wall_s
module,none,gate,256,64,std,False,10.11,24.45,24.42,0.4518,670.9,918,629.5,766,886,364.3,0.9
module,none,gate,256,64,std,True,3.565,8.937,9.173,0.57,1786,474,202.3,556,474,42.27,4
module,none,gate,256,64,sdpa,False,6.296,16.57,16.42,0.6912,997.5,592,515.5,592,592,332.3,0.4
module,none,gate,256,64,sdpa,True,2.569,12.08,12.16,0.7501,1348,474,202.3,538,474,42.27,2.8
module,pad,gate,256,64,std,False,8.796,22.21,22.17,0.3254,739,834,645.3,834,738,372.3,0.5
module,pad,gate,256,64,std,True,3.064,8.618,8.663,0.498,1891,512,206.3,608,512,46.27,2
module,pad,gate,256,64,sdpa,False,6.629,16.25,16.32,0.4145,1004,628,543.5,628,596,336.3,0.4
module,pad,gate,256,64,sdpa,True,2.905,8.891,9.134,0.6298,1794,494,206.3,558,494,46.27,2.1
model,none,prod,256,64,std,False,69.33,193.5,193.3,0.8446,84.74,6055,4865,5588,5573,1213,4.2
model,none,prod,256,64,std,True,36.21,107.3,107.6,0.9601,152.3,4246,1326,4308,4246,878.4,20.8
model,none,prod,256,64,sdpa,False,59.69,170.3,170.3,0.4747,96.22,4800,4526,4800,4766,1213,3.7
model,none,prod,256,64,sdpa,True,34.77,105.5,106.9,3.805,153.3,3998,1326,4062,3998,878.4,16.4
model,pad,prod,256,64,std,False,70.23,193.4,193.7,0.8832,84.59,6102,4895,5628,6054,1213,4.3
model,pad,prod,256,64,std,True,36.41,105.8,106.1,0.7555,154.4,4156,1326,4218,4156,878.4,137.5
model,pad,prod,256,64,sdpa,False,69.12,173.1,176.2,6.055,92.97,4890,4605,4890,4856,1213,3.9
model,pad,prod,256,64,sdpa,True,35.62,106.7,106.9,0.5914,153.3,3946,1326,4010,3946,878.4,99.3
capacity,pad,gate,256,256,std,False,32.84,80.9,80.85,0.2609,810.6,2846,2156,2910,2590,1194,
capacity,pad,gate,256,256,sdpa,False,22.93,58.2,58.25,0.2948,1125,2016,1756,2080,2016,1050,
