seed,method,steps,elapsed_s,train_final,train_last50,train_first,val_loss,ppl,top1
42,default,100,42.5,4.2115,4.471,9.0485,4.4062,81.962,0.2455
42,gpt2_002,100,48.8,4.1846,4.4621,8.9513,4.375,79.44,0.2474
42,gpt2_002_rescale,100,50.1,4.1504,4.4241,8.946,4.375,79.44,0.2488
1000,default,100,49.9,4.3513,4.4538,8.9794,4.4062,81.962,0.2424
1000,gpt2_002,100,49.8,4.3202,4.4331,8.8505,4.375,79.44,0.2465
1000,gpt2_002_rescale,100,49.9,4.2983,4.4079,8.8509,4.3594,78.208,0.2454
7777,default,100,50.0,4.2666,4.5103,8.9959,4.3906,80.691,0.2512
7777,gpt2_002,100,50.1,4.236,4.4725,8.9541,4.3281,75.802,0.2572
7777,gpt2_002_rescale,100,50.1,4.2045,4.452,8.958,4.3125,74.627,0.2574
