stage,mask,seq,window,batch,impl,compile,ms_fp,ms_step,ktok_s,step_dev_mib,step_peak_mib,blockmask_build_ms,wall_s
swa,none,256,64,32,band-std,False,1.279,3.897,1980,486,248.1,,0.5
swa,none,256,64,32,band-std,True,0.5816,3.177,2466,220,128,,11.3
swa,none,256,64,32,flex,True,0.2786,2.047,3693,164,136.1,63.07,4.3
swa,none,256,128,32,band-std,False,2.477,5.285,1383,332,248.1,,0.2
swa,none,256,128,32,band-std,True,0.5343,2.051,3697,216,128,,4
swa,none,256,128,32,flex,True,0.2472,2.058,3643,162,136.1,2.741,4.3
swa,none,256,256,32,band-std,False,1.254,4.317,1891,332,248.1,,0.1
swa,none,256,256,32,band-std,True,0.7627,1.96,3781,216,128,,3.2
swa,none,256,256,32,flex,True,0.2349,2.077,3837,162,136.1,4.663,4.2
swa,pad,256,64,32,band-std,False,2.482,7.154,1168,332,254,,0.2
swa,pad,256,64,32,band-std,True,0.8085,2.106,3654,240,130,,15.4
swa,pad,256,64,32,flex,True,0.2152,2.096,3806,158,136.1,4.394,4.4
swa,pad,256,128,32,band-std,False,2.483,4.265,1632,332,254,,0.1
swa,pad,256,128,32,band-std,True,0.5535,2.062,3844,232,130,,5.6
swa,pad,256,128,32,flex,True,0.2349,2.046,3652,158,136.1,4.117,4.2
swa,pad,256,256,32,band-std,False,2.423,6.347,1394,332,254,,0.2
swa,pad,256,256,32,band-std,True,0.7806,2.115,3243,232,130,,7.1
swa,pad,256,256,32,flex,True,0.2094,2.042,3731,158,136.1,4.9,4.2
